CREATE DATABASE  IF NOT EXISTS `concesionarioautos` /*!40100 DEFAULT CHARACTER SET utf8mb4 COLLATE utf8mb4_0900_ai_ci */ /*!80016 DEFAULT ENCRYPTION='N' */;
USE `concesionarioautos`;
-- MySQL dump 10.13  Distrib 8.0.43, for Win64 (x86_64)
--
-- Host: 127.0.0.1    Database: concesionarioautos
-- ------------------------------------------------------
-- Server version	8.0.43

/*!40101 SET @OLD_CHARACTER_SET_CLIENT=@@CHARACTER_SET_CLIENT */;
/*!40101 SET @OLD_CHARACTER_SET_RESULTS=@@CHARACTER_SET_RESULTS */;
/*!40101 SET @OLD_COLLATION_CONNECTION=@@COLLATION_CONNECTION */;
/*!50503 SET NAMES utf8 */;
/*!40103 SET @OLD_TIME_ZONE=@@TIME_ZONE */;
/*!40103 SET TIME_ZONE='+00:00' */;
/*!40014 SET @OLD_UNIQUE_CHECKS=@@UNIQUE_CHECKS, UNIQUE_CHECKS=0 */;
/*!40014 SET @OLD_FOREIGN_KEY_CHECKS=@@FOREIGN_KEY_CHECKS, FOREIGN_KEY_CHECKS=0 */;
/*!40101 SET @OLD_SQL_MODE=@@SQL_MODE, SQL_MODE='NO_AUTO_VALUE_ON_ZERO' */;
/*!40111 SET @OLD_SQL_NOTES=@@SQL_NOTES, SQL_NOTES=0 */;

--
-- Table structure for table `cliente`
--

DROP TABLE IF EXISTS `cliente`;
/*!40101 SET @saved_cs_client     = @@character_set_client */;
/*!50503 SET character_set_client = utf8mb4 */;
CREATE TABLE `cliente` (
  `id_cliente` int NOT NULL AUTO_INCREMENT,
  `NIT` varchar(15) NOT NULL,
  `nombre` varchar(50) DEFAULT NULL,
  `direccion` varchar(100) DEFAULT NULL,
  `ciudad` varchar(50) DEFAULT NULL,
  `telefono` varchar(15) DEFAULT NULL,
  PRIMARY KEY (`id_cliente`),
  KEY `idx_cliente_ciudad` (`ciudad`),
  KEY `idx_cliente_nombre` (`nombre`)
) ENGINE=InnoDB AUTO_INCREMENT=7 DEFAULT CHARSET=utf8mb4 COLLATE=utf8mb4_0900_ai_ci;
/*!40101 SET character_set_client = @saved_cs_client */;

--
-- Dumping data for table `cliente`
--

LOCK TABLES `cliente` WRITE;
/*!40000 ALTER TABLE `cliente` DISABLE KEYS */;
INSERT INTO `cliente` VALUES (1,'12345678A','Juan Perez','Calle 1','Bogotá','3001234567'),(2,'87654321B','Ana Ruiz','Calle 2','Medellín','3109876543'),(3,'11223344C','Luis Gómez','Calle 3','Bogotá','3204567890'),(4,'22334455D','Maria Torres','Calle 4','Bogotá','3012345678'),(5,'33445566E','Pedro López','Calle 5','Barranquilla','3023456789');
/*!40000 ALTER TABLE `cliente` ENABLE KEYS */;
UNLOCK TABLES;
/*!50003 SET @saved_cs_client      = @@character_set_client */ ;
/*!50003 SET @saved_cs_results     = @@character_set_results */ ;
/*!50003 SET @saved_col_connection = @@collation_connection */ ;
/*!50003 SET character_set_client  = utf8mb4 */ ;
/*!50003 SET character_set_results = utf8mb4 */ ;
/*!50003 SET collation_connection  = utf8mb4_0900_ai_ci */ ;
/*!50003 SET @saved_sql_mode       = @@sql_mode */ ;
/*!50003 SET sql_mode              = 'ONLY_FULL_GROUP_BY,STRICT_TRANS_TABLES,NO_ZERO_IN_DATE,NO_ZERO_DATE,ERROR_FOR_DIVISION_BY_ZERO,NO_ENGINE_SUBSTITUTION' */ ;
DELIMITER ;;
/*!50003 CREATE*/ /*!50017 DEFINER=`root`@`localhost`*/ /*!50003 TRIGGER `before_insert_cliente` BEFORE INSERT ON `cliente` FOR EACH ROW SET NEW.nombre = UPPER(NEW.nombre) */;;
DELIMITER ;
/*!50003 SET sql_mode              = @saved_sql_mode */ ;
/*!50003 SET character_set_client  = @saved_cs_client */ ;
/*!50003 SET character_set_results = @saved_cs_results */ ;
/*!50003 SET collation_connection  = @saved_col_connection */ ;
/*!50003 SET @saved_cs_client      = @@character_set_client */ ;
/*!50003 SET @saved_cs_results     = @@character_set_results */ ;
/*!50003 SET @saved_col_connection = @@collation_connection */ ;
/*!50003 SET character_set_client  = utf8mb4 */ ;
/*!50003 SET character_set_results = utf8mb4 */ ;
/*!50003 SET collation_connection  = utf8mb4_0900_ai_ci */ ;
/*!50003 SET @saved_sql_mode       = @@sql_mode */ ;
/*!50003 SET sql_mode              = 'ONLY_FULL_GROUP_BY,STRICT_TRANS_TABLES,NO_ZERO_IN_DATE,NO_ZERO_DATE,ERROR_FOR_DIVISION_BY_ZERO,NO_ENGINE_SUBSTITUTION' */ ;
DELIMITER ;;
/*!50003 CREATE*/ /*!50017 DEFINER=`root`@`localhost`*/ /*!50003 TRIGGER `before_delete_cliente` BEFORE DELETE ON `cliente` FOR EACH ROW INSERT INTO Revision (otros, matricula) VALUES ('Cliente eliminado', NULL) */;;
DELIMITER ;
/*!50003 SET sql_mode              = @saved_sql_mode */ ;
/*!50003 SET character_set_client  = @saved_cs_client */ ;
/*!50003 SET character_set_results = @saved_cs_results */ ;
/*!50003 SET collation_connection  = @saved_col_connection */ ;

--
-- Table structure for table `coche`
--

DROP TABLE IF EXISTS `coche`;
/*!40101 SET @saved_cs_client     = @@character_set_client */;
/*!50503 SET character_set_client = utf8mb4 */;
CREATE TABLE `coche` (
  `matricula` varchar(10) NOT NULL,
  `marca` varchar(30) DEFAULT NULL,
  `modelo` varchar(30) DEFAULT NULL,
  `color` varchar(20) DEFAULT NULL,
  `precio` decimal(10,2) DEFAULT NULL,
  `id_cliente` int DEFAULT NULL,
  PRIMARY KEY (`matricula`),
  KEY `id_cliente` (`id_cliente`),
  KEY `idx_coche_marca` (`marca`),
  KEY `idx_coche_precio` (`precio`),
  CONSTRAINT `coche_ibfk_1` FOREIGN KEY (`id_cliente`) REFERENCES `cliente` (`id_cliente`)
) ENGINE=InnoDB DEFAULT CHARSET=utf8mb4 COLLATE=utf8mb4_0900_ai_ci;
/*!40101 SET character_set_client = @saved_cs_client */;

--
-- Dumping data for table `coche`
--

LOCK TABLES `coche` WRITE;
/*!40000 ALTER TABLE `coche` DISABLE KEYS */;
INSERT INTO `coche` VALUES ('ABC123','Toyota','Corolla','Blanco',45000.00,1),('DEF456','Mazda','CX-5','Negro',85000.00,2),('GHI789','Chevrolet','Spark','Rojo',32000.00,3),('JKL012','Renault','Duster','Gris',60000.00,4),('MNO345','Ford','Fiesta','Azul',38000.00,5),('PQR678','BMW','X3','Negro',150000.00,2);
/*!40000 ALTER TABLE `coche` ENABLE KEYS */;
UNLOCK TABLES;
/*!50003 SET @saved_cs_client      = @@character_set_client */ ;
/*!50003 SET @saved_cs_results     = @@character_set_results */ ;
/*!50003 SET @saved_col_connection = @@collation_connection */ ;
/*!50003 SET character_set_client  = utf8mb4 */ ;
/*!50003 SET character_set_results = utf8mb4 */ ;
/*!50003 SET collation_connection  = utf8mb4_0900_ai_ci */ ;
/*!50003 SET @saved_sql_mode       = @@sql_mode */ ;
/*!50003 SET sql_mode              = 'ONLY_FULL_GROUP_BY,STRICT_TRANS_TABLES,NO_ZERO_IN_DATE,NO_ZERO_DATE,ERROR_FOR_DIVISION_BY_ZERO,NO_ENGINE_SUBSTITUTION' */ ;
DELIMITER ;;
/*!50003 CREATE*/ /*!50017 DEFINER=`root`@`localhost`*/ /*!50003 TRIGGER `after_update_coche` AFTER UPDATE ON `coche` FOR EACH ROW INSERT INTO Revision (otros, matricula) VALUES ('Actualización de coche', NEW.matricula) */;;
DELIMITER ;
/*!50003 SET sql_mode              = @saved_sql_mode */ ;
/*!50003 SET character_set_client  = @saved_cs_client */ ;
/*!50003 SET character_set_results = @saved_cs_results */ ;
/*!50003 SET collation_connection  = @saved_col_connection */ ;

--
-- Table structure for table `revision`
--

DROP TABLE IF EXISTS `revision`;
/*!40101 SET @saved_cs_client     = @@character_set_client */;
/*!50503 SET character_set_client = utf8mb4 */;
CREATE TABLE `revision` (
  `id_revision` int NOT NULL AUTO_INCREMENT,
  `cambio_filtro` tinyint(1) DEFAULT NULL,
  `cambio_aceite` tinyint(1) DEFAULT NULL,
  `cambio_frenos` tinyint(1) DEFAULT NULL,
  `otros` varchar(100) DEFAULT NULL,
  `matricula` varchar(10) DEFAULT NULL,
  PRIMARY KEY (`id_revision`),
  KEY `idx_revision_matricula` (`matricula`),
  KEY `idx_revision_otros` (`otros`),
  CONSTRAINT `revision_ibfk_1` FOREIGN KEY (`matricula`) REFERENCES `coche` (`matricula`)
) ENGINE=InnoDB AUTO_INCREMENT=7 DEFAULT CHARSET=utf8mb4 COLLATE=utf8mb4_0900_ai_ci;
/*!40101 SET character_set_client = @saved_cs_client */;

--
-- Dumping data for table `revision`
--

LOCK TABLES `revision` WRITE;
/*!40000 ALTER TABLE `revision` DISABLE KEYS */;
INSERT INTO `revision` VALUES (1,1,1,0,'Revisión general','ABC123'),(2,0,1,1,'Cambio de frenos y aceite','DEF456'),(3,1,0,0,'Solo cambio de filtro','GHI789'),(4,1,1,1,'Mantenimiento completo','JKL012'),(5,0,0,1,'Cambio de frenos','MNO345'),(6,1,1,0,'Cambio de aceite y filtro','PQR678');
/*!40000 ALTER TABLE `revision` ENABLE KEYS */;
UNLOCK TABLES;

--
-- Temporary view structure for view `vistaclientesbogota`
--

DROP TABLE IF EXISTS `vistaclientesbogota`;
/*!50001 DROP VIEW IF EXISTS `vistaclientesbogota`*/;
SET @saved_cs_client     = @@character_set_client;
/*!50503 SET character_set_client = utf8mb4 */;
/*!50001 CREATE VIEW `vistaclientesbogota` AS SELECT 
 1 AS `id_cliente`,
 1 AS `NIT`,
 1 AS `nombre`,
 1 AS `direccion`,
 1 AS `ciudad`,
 1 AS `telefono`*/;
SET character_set_client = @saved_cs_client;

--
-- Temporary view structure for view `vistacochescaros`
--

DROP TABLE IF EXISTS `vistacochescaros`;
/*!50001 DROP VIEW IF EXISTS `vistacochescaros`*/;
SET @saved_cs_client     = @@character_set_client;
/*!50503 SET character_set_client = utf8mb4 */;
/*!50001 CREATE VIEW `vistacochescaros` AS SELECT 
 1 AS `matricula`,
 1 AS `marca`,
 1 AS `modelo`,
 1 AS `color`,
 1 AS `precio`,
 1 AS `id_cliente`*/;
SET character_set_client = @saved_cs_client;

--
-- Dumping events for database 'concesionarioautos'
--

--
-- Dumping routines for database 'concesionarioautos'
--
/*!50003 DROP FUNCTION IF EXISTS `PrecioPromedio` */;
/*!50003 SET @saved_cs_client      = @@character_set_client */ ;
/*!50003 SET @saved_cs_results     = @@character_set_results */ ;
/*!50003 SET @saved_col_connection = @@collation_connection */ ;
/*!50003 SET character_set_client  = utf8mb4 */ ;
/*!50003 SET character_set_results = utf8mb4 */ ;
/*!50003 SET collation_connection  = utf8mb4_0900_ai_ci */ ;
/*!50003 SET @saved_sql_mode       = @@sql_mode */ ;
/*!50003 SET sql_mode              = 'ONLY_FULL_GROUP_BY,STRICT_TRANS_TABLES,NO_ZERO_IN_DATE,NO_ZERO_DATE,ERROR_FOR_DIVISION_BY_ZERO,NO_ENGINE_SUBSTITUTION' */ ;
DELIMITER ;;
CREATE DEFINER=`root`@`localhost` FUNCTION `PrecioPromedio`() RETURNS decimal(10,2)
    READS SQL DATA
    DETERMINISTIC
BEGIN
    DECLARE promedio DECIMAL(10,2);
    SELECT AVG(precio) INTO promedio FROM Coche;
    RETURN promedio;
END ;;
DELIMITER ;
/*!50003 SET sql_mode              = @saved_sql_mode */ ;
/*!50003 SET character_set_client  = @saved_cs_client */ ;
/*!50003 SET character_set_results = @saved_cs_results */ ;
/*!50003 SET collation_connection  = @saved_col_connection */ ;
/*!50003 DROP FUNCTION IF EXISTS `TotalCochesCliente` */;
/*!50003 SET @saved_cs_client      = @@character_set_client */ ;
/*!50003 SET @saved_cs_results     = @@character_set_results */ ;
/*!50003 SET @saved_col_connection = @@collation_connection */ ;
/*!50003 SET character_set_client  = utf8mb4 */ ;
/*!50003 SET character_set_results = utf8mb4 */ ;
/*!50003 SET collation_connection  = utf8mb4_0900_ai_ci */ ;
/*!50003 SET @saved_sql_mode       = @@sql_mode */ ;
/*!50003 SET sql_mode              = 'ONLY_FULL_GROUP_BY,STRICT_TRANS_TABLES,NO_ZERO_IN_DATE,NO_ZERO_DATE,ERROR_FOR_DIVISION_BY_ZERO,NO_ENGINE_SUBSTITUTION' */ ;
DELIMITER ;;
CREATE DEFINER=`root`@`localhost` FUNCTION `TotalCochesCliente`(id INT) RETURNS int
    READS SQL DATA
    DETERMINISTIC
BEGIN
    DECLARE total INT;
    SELECT COUNT(*) INTO total FROM Coche WHERE id_cliente = id;
    RETURN total;
END ;;
DELIMITER ;
/*!50003 SET sql_mode              = @saved_sql_mode */ ;
/*!50003 SET character_set_client  = @saved_cs_client */ ;
/*!50003 SET character_set_results = @saved_cs_results */ ;
/*!50003 SET collation_connection  = @saved_col_connection */ ;
/*!50003 DROP PROCEDURE IF EXISTS `CochesPorCiudad` */;
/*!50003 SET @saved_cs_client      = @@character_set_client */ ;
/*!50003 SET @saved_cs_results     = @@character_set_results */ ;
/*!50003 SET @saved_col_connection = @@collation_connection */ ;
/*!50003 SET character_set_client  = utf8mb4 */ ;
/*!50003 SET character_set_results = utf8mb4 */ ;
/*!50003 SET collation_connection  = utf8mb4_0900_ai_ci */ ;
/*!50003 SET @saved_sql_mode       = @@sql_mode */ ;
/*!50003 SET sql_mode              = 'ONLY_FULL_GROUP_BY,STRICT_TRANS_TABLES,NO_ZERO_IN_DATE,NO_ZERO_DATE,ERROR_FOR_DIVISION_BY_ZERO,NO_ENGINE_SUBSTITUTION' */ ;
DELIMITER ;;
CREATE DEFINER=`root`@`localhost` PROCEDURE `CochesPorCiudad`(IN ciudad_param VARCHAR(50))
BEGIN
    SELECT c.nombre AS Cliente, ch.marca AS Marca, ch.modelo AS Modelo, ch.precio AS Precio
    FROM Cliente c
    INNER JOIN Coche ch ON c.id_cliente = ch.id_cliente
    WHERE c.ciudad = ciudad_param;
END ;;
DELIMITER ;
/*!50003 SET sql_mode              = @saved_sql_mode */ ;
/*!50003 SET character_set_client  = @saved_cs_client */ ;
/*!50003 SET character_set_results = @saved_cs_results */ ;
/*!50003 SET collation_connection  = @saved_col_connection */ ;
/*!50003 DROP PROCEDURE IF EXISTS `ObtenerClientes` */;
/*!50003 SET @saved_cs_client      = @@character_set_client */ ;
/*!50003 SET @saved_cs_results     = @@character_set_results */ ;
/*!50003 SET @saved_col_connection = @@collation_connection */ ;
/*!50003 SET character_set_client  = utf8mb4 */ ;
/*!50003 SET character_set_results = utf8mb4 */ ;
/*!50003 SET collation_connection  = utf8mb4_0900_ai_ci */ ;
/*!50003 SET @saved_sql_mode       = @@sql_mode */ ;
/*!50003 SET sql_mode              = 'ONLY_FULL_GROUP_BY,STRICT_TRANS_TABLES,NO_ZERO_IN_DATE,NO_ZERO_DATE,ERROR_FOR_DIVISION_BY_ZERO,NO_ENGINE_SUBSTITUTION' */ ;
DELIMITER ;;
CREATE DEFINER=`root`@`localhost` PROCEDURE `ObtenerClientes`()
BEGIN
    SELECT * FROM Cliente;
END ;;
DELIMITER ;
/*!50003 SET sql_mode              = @saved_sql_mode */ ;
/*!50003 SET character_set_client  = @saved_cs_client */ ;
/*!50003 SET character_set_results = @saved_cs_results */ ;
/*!50003 SET collation_connection  = @saved_col_connection */ ;

--
-- Final view structure for view `vistaclientesbogota`
--

/*!50001 DROP VIEW IF EXISTS `vistaclientesbogota`*/;
/*!50001 SET @saved_cs_client          = @@character_set_client */;
/*!50001 SET @saved_cs_results         = @@character_set_results */;
/*!50001 SET @saved_col_connection     = @@collation_connection */;
/*!50001 SET character_set_client      = utf8mb4 */;
/*!50001 SET character_set_results     = utf8mb4 */;
/*!50001 SET collation_connection      = utf8mb4_0900_ai_ci */;
/*!50001 CREATE ALGORITHM=UNDEFINED */
/*!50013 DEFINER=`root`@`localhost` SQL SECURITY DEFINER */
/*!50001 VIEW `vistaclientesbogota` AS select `cliente`.`id_cliente` AS `id_cliente`,`cliente`.`NIT` AS `NIT`,`cliente`.`nombre` AS `nombre`,`cliente`.`direccion` AS `direccion`,`cliente`.`ciudad` AS `ciudad`,`cliente`.`telefono` AS `telefono` from `cliente` where (`cliente`.`ciudad` = 'Bogotá') */;
/*!50001 SET character_set_client      = @saved_cs_client */;
/*!50001 SET character_set_results     = @saved_cs_results */;
/*!50001 SET collation_connection      = @saved_col_connection */;

--
-- Final view structure for view `vistacochescaros`
--

/*!50001 DROP VIEW IF EXISTS `vistacochescaros`*/;
/*!50001 SET @saved_cs_client          = @@character_set_client */;
/*!50001 SET @saved_cs_results         = @@character_set_results */;
/*!50001 SET @saved_col_connection     = @@collation_connection */;
/*!50001 SET character_set_client      = utf8mb4 */;
/*!50001 SET character_set_results     = utf8mb4 */;
/*!50001 SET collation_connection      = utf8mb4_0900_ai_ci */;
/*!50001 CREATE ALGORITHM=UNDEFINED */
/*!50013 DEFINER=`root`@`localhost` SQL SECURITY DEFINER */
/*!50001 VIEW `vistacochescaros` AS select `coche`.`matricula` AS `matricula`,`coche`.`marca` AS `marca`,`coche`.`modelo` AS `modelo`,`coche`.`color` AS `color`,`coche`.`precio` AS `precio`,`coche`.`id_cliente` AS `id_cliente` from `coche` where (`coche`.`precio` > 50000) */;
/*!50001 SET character_set_client      = @saved_cs_client */;
/*!50001 SET character_set_results     = @saved_cs_results */;
/*!50001 SET collation_connection      = @saved_col_connection */;
/*!40103 SET TIME_ZONE=@OLD_TIME_ZONE */;

/*!40101 SET SQL_MODE=@OLD_SQL_MODE */;
/*!40014 SET FOREIGN_KEY_CHECKS=@OLD_FOREIGN_KEY_CHECKS */;
/*!40014 SET UNIQUE_CHECKS=@OLD_UNIQUE_CHECKS */;
/*!40101 SET CHARACTER_SET_CLIENT=@OLD_CHARACTER_SET_CLIENT */;
/*!40101 SET CHARACTER_SET_RESULTS=@OLD_CHARACTER_SET_RESULTS */;
/*!40101 SET COLLATION_CONNECTION=@OLD_COLLATION_CONNECTION */;
/*!40111 SET SQL_NOTES=@OLD_SQL_NOTES */;

-- Dump completed on 2025-11-25 10:01:38
