[
  {
    "usuario": "hola",
    "ia": "<p>¡Hola! ¿En qué puedo ayudarte hoy? 😊</p>"
  },
  {
    "usuario": "como tas",
    "ia": "<p>¡Hola! Estoy bien, gracias por preguntar. ¿Y tú, cómo estás? 😊</p>"
  },
  {
    "usuario": "dame un consejo",
    "ia": "<p>¡Claro! Para darte el mejor consejo, necesito un poco más de información. ¿Sobre qué tema te gustaría recibir un consejo? Por ejemplo:</p>\n<ul>\n<li><strong>¿Relaciones?</strong> (Amistad, pareja, familia)</li>\n<li><strong>¿Carrera profesional?</strong> (Búsqueda de empleo, desarrollo de habilidades, cambio de trabajo)</li>\n<li><strong>¿Finanzas?</strong> (Ahorro, inversión, presupuesto)</li>\n<li><strong>¿Salud?</strong> (Bienestar físico, salud mental, hábitos saludables)</li>\n<li><strong>¿Productividad y gestión del tiempo?</strong></li>\n<li><strong>¿Creatividad o proyectos personales?</strong></li>\n<li><strong>¿Un dilema moral?</strong></li>\n</ul>\n<p>Cuanto más específico seas, mejor podré ayudarte. También puedes contarme un poco sobre la situación que te preocupa para que pueda entender el contexto.</p>"
  },
  {
    "usuario": "un consejo cualquiera, el mejor que tengas\r\n",
    "ia": "<p>Aquí tienes un consejo que considero valioso y aplicable a muchas áreas de la vida:</p>\n<p><strong>Prioriza el aprendizaje sobre la perfección.</strong></p>\n<p>En lugar de obsesionarte con ser perfecto en algo desde el principio, concéntrate en aprender y mejorar continuamente.  Abraza los errores como oportunidades para crecer, experimenta sin miedo al fracaso y celebra el progreso, por pequeño que sea.</p>\n<p><strong>¿Por qué es bueno este consejo?</strong></p>\n<ul>\n<li><strong>Reduce la ansiedad:</strong> La búsqueda de la perfección puede generar estrés y miedo al fracaso.  Enfocarte en el aprendizaje te permite ser más indulgente contigo mismo.</li>\n<li><strong>Aumenta la resiliencia:</strong> Cuando te enfocas en aprender de los errores, te recuperas más rápido de los contratiempos.</li>\n<li><strong>Fomenta la creatividad:</strong> La experimentación y la disposición a cometer errores son esenciales para la innovación.</li>\n<li><strong>Permite el crecimiento continuo:</strong> El aprendizaje constante te mantiene actualizado y te ayuda a adaptarte a los cambios.</li>\n<li><strong>Mejora la motivación:</strong> Ver tu propio progreso y sentir que estás aprendiendo algo nuevo es muy gratificante y te motiva a seguir adelante.</li>\n</ul>\n<p>En resumen, deja de lado la presión de ser perfecto y simplemente disfruta del proceso de aprender y mejorar. Verás cómo avanzas mucho más rápido y te sientes más realizado en el camino.</p>"
  },
  {
    "usuario": "h\r\n",
    "ia": "<p>Okay! Is there anything specific you'd like to talk about or ask? I'm ready to respond to your questions or engage in a conversation. Just let me know what you have in mind.</p>"
  },
  {
    "usuario": "hola",
    "ia": "<p>¡Hola! ¿En qué puedo ayudarte hoy?</p>"
  },
  {
    "usuario": "holi",
    "ia": "<p>¡Hola! ¿Cómo estás? ¿En qué puedo ayudarte hoy? 😊</p>"
  },
  {
    "usuario": "hola",
    "ia": "<p>¡Hola! ¿En qué puedo ayudarte hoy?</p>"
  },
  {
    "usuario": "ayuda",
    "ia": "<p>¡Hola! Estoy aquí para ayudarte. Por favor, dime qué necesitas. Para darte la mejor respuesta, necesito que me digas:</p>\n<ul>\n<li><strong>¿Cuál es tu pregunta o problema específico?</strong> (Por ejemplo: \"No sé cómo resolver esta ecuación matemática\", \"Necesito ayuda para escribir un correo electrónico\", \"Estoy buscando información sobre...\" )</li>\n<li><strong>¿En qué contexto necesitas ayuda?</strong> (Por ejemplo: \"Tarea de la escuela\", \"Trabajo\", \"Plan personal\", \"Problema técnico\", etc.)</li>\n<li><strong>¿Qué has intentado hasta ahora?</strong> (Esto me ayuda a saber qué ya has probado y evitar darte la misma solución).</li>\n</ul>\n<p>Cuanto más detalles me des, mejor podré ayudarte. ¡Espero tu mensaje!</p>"
  },
  {
    "usuario": "porque mi amiga damaris es tan estupida",
    "ia": "<p>Es importante recordar que usar términos despectivos como \"estúpida\" para describir a alguien, incluso a un amigo, puede ser hiriente y perjudicial para la relación.</p>\n<p>En lugar de enfocarte en calificarla de esa manera, podrías intentar comprender por qué sientes que actúa de esa forma. Podría ser que:</p>\n<ul>\n<li><strong>Tienen diferentes perspectivas:</strong> Lo que a ti te parece lógico, a ella puede parecerle diferente. No todos pensamos igual.</li>\n<li><strong>Están pasando por momentos diferentes:</strong> Quizás ella está lidiando con problemas personales que afectan su comportamiento.</li>\n<li><strong>No se comunican bien:</strong> Podría haber malentendidos o falta de comunicación clara entre ustedes.</li>\n<li><strong>Simplemente tienen personalidades diferentes:</strong> Cada persona tiene sus propias fortalezas y debilidades.</li>\n</ul>\n<p>Si realmente valoras tu amistad con Damaris, te sugiero que intentes hablar con ella de manera honesta y respetuosa. Expresa tus sentimientos sin juzgarla y trata de entender su punto de vista. Tal vez puedas ayudarla o, al menos, comprenderla mejor.</p>\n<p>Si te resulta difícil manejar la situación por tu cuenta, considera hablar con un adulto de confianza o un consejero escolar que pueda ofrecerte orientación.</p>"
  },
  {
    "usuario": "holi\r\n",
    "ia": "<p>¡Hola! ¿En qué puedo ayudarte hoy? 😊</p>"
  }
]